<annotation>
	<folder>Collection_1</folder>
	<filename>004.png</filename>
	<path>/home/andrusha/Desktop/Projects/ERD-Clustering/ERDs/Collection_1/004.png</path>
	<source>
		<database>Unknown</database>
	</source>
	<size>
		<width>4664</width>
		<height>1824</height>
		<depth>1</depth>
	</size>
	<segmented>0</segmented>
	<object>
		<name>weak_entity</name>
		<pose>Unspecified</pose>
		<truncated>1</truncated>
		<difficult>0</difficult>
		<bndbox>
			<xmin>3625</xmin>
			<ymin>135</ymin>
			<xmax>4664</xmax>
			<ymax>897</ymax>
		</bndbox>
	</object>
	<object>
		<name>entity</name>
		<pose>Unspecified</pose>
		<truncated>0</truncated>
		<difficult>0</difficult>
		<bndbox>
			<xmin>2560</xmin>
			<ymin>1453</ymin>
			<xmax>3125</xmax>
			<ymax>1741</ymax>
		</bndbox>
	</object>
	<object>
		<name>entity</name>
		<pose>Unspecified</pose>
		<truncated>1</truncated>
		<difficult>0</difficult>
		<bndbox>
			<xmin>1563</xmin>
			<ymin>1</ymin>
			<xmax>2172</xmax>
			<ymax>500</ymax>
		</bndbox>
	</object>
	<object>
		<name>entity</name>
		<pose>Unspecified</pose>
		<truncated>0</truncated>
		<difficult>0</difficult>
		<bndbox>
			<xmin>1556</xmin>
			<ymin>822</ymin>
			<xmax>2200</xmax>
			<ymax>1300</ymax>
		</bndbox>
	</object>
	<object>
		<name>ident_rel</name>
		<pose>Unspecified</pose>
		<truncated>0</truncated>
		<difficult>0</difficult>
		<bndbox>
			<xmin>2906</xmin>
			<ymin>294</ymin>
			<xmax>3385</xmax>
			<ymax>547</ymax>
		</bndbox>
	</object>
	<object>
		<name>ident_rel</name>
		<pose>Unspecified</pose>
		<truncated>0</truncated>
		<difficult>0</difficult>
		<bndbox>
			<xmin>2647</xmin>
			<ymin>694</ymin>
			<xmax>3125</xmax>
			<ymax>944</ymax>
		</bndbox>
	</object>
	<object>
		<name>rel</name>
		<pose>Unspecified</pose>
		<truncated>0</truncated>
		<difficult>0</difficult>
		<bndbox>
			<xmin>2881</xmin>
			<ymin>1119</ymin>
			<xmax>3369</xmax>
			<ymax>1366</ymax>
		</bndbox>
	</object>
	<object>
		<name>rel</name>
		<pose>Unspecified</pose>
		<truncated>0</truncated>
		<difficult>0</difficult>
		<bndbox>
			<xmin>1763</xmin>
			<ymin>1360</ymin>
			<xmax>2241</xmax>
			<ymax>1600</ymax>
		</bndbox>
	</object>
	<object>
		<name>rel</name>
		<pose>Unspecified</pose>
		<truncated>1</truncated>
		<difficult>0</difficult>
		<bndbox>
			<xmin>1322</xmin>
			<ymin>1572</ymin>
			<xmax>1810</xmax>
			<ymax>1824</ymax>
		</bndbox>
	</object>
	<object>
		<name>rel</name>
		<pose>Unspecified</pose>
		<truncated>0</truncated>
		<difficult>0</difficult>
		<bndbox>
			<xmin>760</xmin>
			<ymin>775</ymin>
			<xmax>1253</xmax>
			<ymax>1025</ymax>
		</bndbox>
	</object>
	<object>
		<name>rel</name>
		<pose>Unspecified</pose>
		<truncated>0</truncated>
		<difficult>0</difficult>
		<bndbox>
			<xmin>844</xmin>
			<ymin>281</ymin>
			<xmax>1325</xmax>
			<ymax>528</ymax>
		</bndbox>
	</object>
	<object>
		<name>entity</name>
		<pose>Unspecified</pose>
		<truncated>1</truncated>
		<difficult>0</difficult>
		<bndbox>
			<xmin>1</xmin>
			<ymin>388</ymin>
			<xmax>603</xmax>
			<ymax>766</ymax>
		</bndbox>
	</object>
	<object>
		<name>rel_attr</name>
		<pose>Unspecified</pose>
		<truncated>0</truncated>
		<difficult>0</difficult>
		<bndbox>
			<xmin>635</xmin>
			<ymin>97</ymin>
			<xmax>922</xmax>
			<ymax>231</ymax>
		</bndbox>
	</object>
	<object>
		<name>rel_attr</name>
		<pose>Unspecified</pose>
		<truncated>0</truncated>
		<difficult>0</difficult>
		<bndbox>
			<xmin>1000</xmin>
			<ymin>19</ymin>
			<xmax>1366</xmax>
			<ymax>147</ymax>
		</bndbox>
	</object>
	<object>
		<name>rel_attr</name>
		<pose>Unspecified</pose>
		<truncated>0</truncated>
		<difficult>0</difficult>
		<bndbox>
			<xmin>556</xmin>
			<ymin>1153</ymin>
			<xmax>850</xmax>
			<ymax>1272</ymax>
		</bndbox>
	</object>
	<object>
		<name>rel_attr</name>
		<pose>Unspecified</pose>
		<truncated>0</truncated>
		<difficult>0</difficult>
		<bndbox>
			<xmin>956</xmin>
			<ymin>1131</ymin>
			<xmax>1325</xmax>
			<ymax>1297</ymax>
		</bndbox>
	</object>
	<object>
		<name>many</name>
		<pose>Unspecified</pose>
		<truncated>0</truncated>
		<difficult>0</difficult>
		<bndbox>
			<xmin>597</xmin>
			<ymin>675</ymin>
			<xmax>722</xmax>
			<ymax>741</ymax>
		</bndbox>
	</object>
	<object>
		<name>many</name>
		<pose>Unspecified</pose>
		<truncated>0</truncated>
		<difficult>0</difficult>
		<bndbox>
			<xmin>594</xmin>
			<ymin>553</ymin>
			<xmax>722</xmax>
			<ymax>606</ymax>
		</bndbox>
	</object>
	<object>
		<name>one</name>
		<pose>Unspecified</pose>
		<truncated>0</truncated>
		<difficult>0</difficult>
		<bndbox>
			<xmin>2163</xmin>
			<ymin>306</ymin>
			<xmax>2281</xmax>
			<ymax>375</ymax>
		</bndbox>
	</object>
	<object>
		<name>one</name>
		<pose>Unspecified</pose>
		<truncated>0</truncated>
		<difficult>0</difficult>
		<bndbox>
			<xmin>3522</xmin>
			<ymin>335</ymin>
			<xmax>3647</xmax>
			<ymax>397</ymax>
		</bndbox>
	</object>
	<object>
		<name>many</name>
		<pose>Unspecified</pose>
		<truncated>0</truncated>
		<difficult>0</difficult>
		<bndbox>
			<xmin>3528</xmin>
			<ymin>635</ymin>
			<xmax>3653</xmax>
			<ymax>691</ymax>
		</bndbox>
	</object>
	<object>
		<name>one</name>
		<pose>Unspecified</pose>
		<truncated>0</truncated>
		<difficult>0</difficult>
		<bndbox>
			<xmin>3513</xmin>
			<ymin>810</ymin>
			<xmax>3650</xmax>
			<ymax>860</ymax>
		</bndbox>
	</object>
	<object>
		<name>one</name>
		<pose>Unspecified</pose>
		<truncated>0</truncated>
		<difficult>0</difficult>
		<bndbox>
			<xmin>1438</xmin>
			<ymin>306</ymin>
			<xmax>1563</xmax>
			<ymax>375</ymax>
		</bndbox>
	</object>
	<object>
		<name>one</name>
		<pose>Unspecified</pose>
		<truncated>0</truncated>
		<difficult>0</difficult>
		<bndbox>
			<xmin>2197</xmin>
			<ymin>1144</ymin>
			<xmax>2322</xmax>
			<ymax>1222</ymax>
		</bndbox>
	</object>
	<object>
		<name>one</name>
		<pose>Unspecified</pose>
		<truncated>0</truncated>
		<difficult>0</difficult>
		<bndbox>
			<xmin>2460</xmin>
			<ymin>1500</ymin>
			<xmax>2560</xmax>
			<ymax>1563</ymax>
		</bndbox>
	</object>
	<object>
		<name>one</name>
		<pose>Unspecified</pose>
		<truncated>0</truncated>
		<difficult>0</difficult>
		<bndbox>
			<xmin>3122</xmin>
			<ymin>1503</ymin>
			<xmax>3216</xmax>
			<ymax>1563</ymax>
		</bndbox>
	</object>
	<object>
		<name>one</name>
		<pose>Unspecified</pose>
		<truncated>0</truncated>
		<difficult>0</difficult>
		<bndbox>
			<xmin>2456</xmin>
			<ymin>1675</ymin>
			<xmax>2563</xmax>
			<ymax>1725</ymax>
		</bndbox>
	</object>
</annotation>
