<annotation>
	<folder>Collection_1</folder>
	<filename>033.png</filename>
	<path>/home/andrusha/Desktop/Projects/ERD-Clustering/ERDs/Collection_1/033.png</path>
	<source>
		<database>Unknown</database>
	</source>
	<size>
		<width>1980</width>
		<height>2464</height>
		<depth>1</depth>
	</size>
	<segmented>0</segmented>
	<object>
		<name>entity</name>
		<pose>Unspecified</pose>
		<truncated>0</truncated>
		<difficult>0</difficult>
		<bndbox>
			<xmin>640</xmin>
			<ymin>2</ymin>
			<xmax>1379</xmax>
			<ymax>362</ymax>
		</bndbox>
	</object>
	<object>
		<name>entity</name>
		<pose>Unspecified</pose>
		<truncated>0</truncated>
		<difficult>0</difficult>
		<bndbox>
			<xmin>1261</xmin>
			<ymin>952</ymin>
			<xmax>1979</xmax>
			<ymax>1910</ymax>
		</bndbox>
	</object>
	<object>
		<name>entity</name>
		<pose>Unspecified</pose>
		<truncated>0</truncated>
		<difficult>0</difficult>
		<bndbox>
			<xmin>6</xmin>
			<ymin>957</ymin>
			<xmax>719</xmax>
			<ymax>1428</ymax>
		</bndbox>
	</object>
	<object>
		<name>entity</name>
		<pose>Unspecified</pose>
		<truncated>1</truncated>
		<difficult>0</difficult>
		<bndbox>
			<xmin>1</xmin>
			<ymin>2099</ymin>
			<xmax>719</xmax>
			<ymax>2457</ymax>
		</bndbox>
	</object>
	<object>
		<name>rel</name>
		<pose>Unspecified</pose>
		<truncated>0</truncated>
		<difficult>0</difficult>
		<bndbox>
			<xmin>208</xmin>
			<ymin>431</ymin>
			<xmax>521</xmax>
			<ymax>586</ymax>
		</bndbox>
	</object>
	<object>
		<name>rel</name>
		<pose>Unspecified</pose>
		<truncated>0</truncated>
		<difficult>0</difficult>
		<bndbox>
			<xmin>1448</xmin>
			<ymin>417</ymin>
			<xmax>1785</xmax>
			<ymax>578</ymax>
		</bndbox>
	</object>
	<object>
		<name>rel</name>
		<pose>Unspecified</pose>
		<truncated>0</truncated>
		<difficult>0</difficult>
		<bndbox>
			<xmin>816</xmin>
			<ymin>1278</ymin>
			<xmax>1124</xmax>
			<ymax>1465</ymax>
		</bndbox>
	</object>
	<object>
		<name>rel</name>
		<pose>Unspecified</pose>
		<truncated>0</truncated>
		<difficult>0</difficult>
		<bndbox>
			<xmin>211</xmin>
			<ymin>1778</ymin>
			<xmax>511</xmax>
			<ymax>1962</ymax>
		</bndbox>
	</object>
	<object>
		<name>rel_attr</name>
		<pose>Unspecified</pose>
		<truncated>0</truncated>
		<difficult>0</difficult>
		<bndbox>
			<xmin>756</xmin>
			<ymin>1799</ymin>
			<xmax>1087</xmax>
			<ymax>1936</ymax>
		</bndbox>
	</object>
	<object>
		<name>one</name>
		<pose>Unspecified</pose>
		<truncated>0</truncated>
		<difficult>0</difficult>
		<bndbox>
			<xmin>548</xmin>
			<ymin>154</ymin>
			<xmax>653</xmax>
			<ymax>225</ymax>
		</bndbox>
	</object>
	<object>
		<name>many</name>
		<pose>Unspecified</pose>
		<truncated>0</truncated>
		<difficult>0</difficult>
		<bndbox>
			<xmin>1377</xmin>
			<ymin>131</ymin>
			<xmax>1474</xmax>
			<ymax>231</ymax>
		</bndbox>
	</object>
	<object>
		<name>many</name>
		<pose>Unspecified</pose>
		<truncated>0</truncated>
		<difficult>0</difficult>
		<bndbox>
			<xmin>1561</xmin>
			<ymin>878</ymin>
			<xmax>1674</xmax>
			<ymax>954</ymax>
		</bndbox>
	</object>
	<object>
		<name>many</name>
		<pose>Unspecified</pose>
		<truncated>0</truncated>
		<difficult>0</difficult>
		<bndbox>
			<xmin>311</xmin>
			<ymin>867</ymin>
			<xmax>427</xmax>
			<ymax>949</ymax>
		</bndbox>
	</object>
	<object>
		<name>many</name>
		<pose>Unspecified</pose>
		<truncated>0</truncated>
		<difficult>0</difficult>
		<bndbox>
			<xmin>1185</xmin>
			<ymin>1307</ymin>
			<xmax>1261</xmax>
			<ymax>1425</ymax>
		</bndbox>
	</object>
	<object>
		<name>many</name>
		<pose>Unspecified</pose>
		<truncated>0</truncated>
		<difficult>0</difficult>
		<bndbox>
			<xmin>716</xmin>
			<ymin>1317</ymin>
			<xmax>792</xmax>
			<ymax>1420</ymax>
		</bndbox>
	</object>
	<object>
		<name>many</name>
		<pose>Unspecified</pose>
		<truncated>0</truncated>
		<difficult>0</difficult>
		<bndbox>
			<xmin>300</xmin>
			<ymin>2017</ymin>
			<xmax>424</xmax>
			<ymax>2099</ymax>
		</bndbox>
	</object>
	<object>
		<name>one</name>
		<pose>Unspecified</pose>
		<truncated>0</truncated>
		<difficult>0</difficult>
		<bndbox>
			<xmin>1171</xmin>
			<ymin>1686</ymin>
			<xmax>1256</xmax>
			<ymax>1778</ymax>
		</bndbox>
	</object>
</annotation>
