<annotation>
	<folder>Collection_1</folder>
	<filename>037.png</filename>
	<path>/home/andrusha/Desktop/Projects/ERD-Clustering/ERDs/Collection_1/037.png</path>
	<source>
		<database>Unknown</database>
	</source>
	<size>
		<width>6614</width>
		<height>2223</height>
		<depth>1</depth>
	</size>
	<segmented>0</segmented>
	<object>
		<name>weak_entity</name>
		<pose>Unspecified</pose>
		<truncated>1</truncated>
		<difficult>0</difficult>
		<bndbox>
			<xmin>5789</xmin>
			<ymin>31</ymin>
			<xmax>6614</xmax>
			<ymax>1018</ymax>
		</bndbox>
	</object>
	<object>
		<name>entity</name>
		<pose>Unspecified</pose>
		<truncated>1</truncated>
		<difficult>0</difficult>
		<bndbox>
			<xmin>3639</xmin>
			<ymin>1</ymin>
			<xmax>4370</xmax>
			<ymax>1118</ymax>
		</bndbox>
	</object>
	<object>
		<name>entity</name>
		<pose>Unspecified</pose>
		<truncated>0</truncated>
		<difficult>0</difficult>
		<bndbox>
			<xmin>1934</xmin>
			<ymin>9</ymin>
			<xmax>2634</xmax>
			<ymax>645</ymax>
		</bndbox>
	</object>
	<object>
		<name>entity</name>
		<pose>Unspecified</pose>
		<truncated>0</truncated>
		<difficult>0</difficult>
		<bndbox>
			<xmin>1939</xmin>
			<ymin>1313</ymin>
			<xmax>2661</xmax>
			<ymax>2040</ymax>
		</bndbox>
	</object>
	<object>
		<name>entity</name>
		<pose>Unspecified</pose>
		<truncated>0</truncated>
		<difficult>0</difficult>
		<bndbox>
			<xmin>11</xmin>
			<ymin>13</ymin>
			<xmax>716</xmax>
			<ymax>1113</ymax>
		</bndbox>
	</object>
	<object>
		<name>ident_rel</name>
		<pose>Unspecified</pose>
		<truncated>0</truncated>
		<difficult>0</difficult>
		<bndbox>
			<xmin>4966</xmin>
			<ymin>390</ymin>
			<xmax>5443</xmax>
			<ymax>645</ymax>
		</bndbox>
	</object>
	<object>
		<name>rel</name>
		<pose>Unspecified</pose>
		<truncated>0</truncated>
		<difficult>0</difficult>
		<bndbox>
			<xmin>2920</xmin>
			<ymin>40</ymin>
			<xmax>3411</xmax>
			<ymax>277</ymax>
		</bndbox>
	</object>
	<object>
		<name>rel</name>
		<pose>Unspecified</pose>
		<truncated>0</truncated>
		<difficult>0</difficult>
		<bndbox>
			<xmin>2911</xmin>
			<ymin>468</ymin>
			<xmax>3407</xmax>
			<ymax>727</ymax>
		</bndbox>
	</object>
	<object>
		<name>rel</name>
		<pose>Unspecified</pose>
		<truncated>0</truncated>
		<difficult>0</difficult>
		<bndbox>
			<xmin>3111</xmin>
			<ymin>1395</ymin>
			<xmax>3611</xmax>
			<ymax>1640</ymax>
		</bndbox>
	</object>
	<object>
		<name>rel</name>
		<pose>Unspecified</pose>
		<truncated>0</truncated>
		<difficult>0</difficult>
		<bndbox>
			<xmin>848</xmin>
			<ymin>1400</ymin>
			<xmax>1316</xmax>
			<ymax>1640</ymax>
		</bndbox>
	</object>
	<object>
		<name>rel</name>
		<pose>Unspecified</pose>
		<truncated>0</truncated>
		<difficult>0</difficult>
		<bndbox>
			<xmin>966</xmin>
			<ymin>486</ymin>
			<xmax>1439</xmax>
			<ymax>731</ymax>
		</bndbox>
	</object>
	<object>
		<name>rel</name>
		<pose>Unspecified</pose>
		<truncated>0</truncated>
		<difficult>0</difficult>
		<bndbox>
			<xmin>957</xmin>
			<ymin>36</ymin>
			<xmax>1439</xmax>
			<ymax>286</ymax>
		</bndbox>
	</object>
	<object>
		<name>rel_attr</name>
		<pose>Unspecified</pose>
		<truncated>0</truncated>
		<difficult>0</difficult>
		<bndbox>
			<xmin>907</xmin>
			<ymin>1154</ymin>
			<xmax>1325</xmax>
			<ymax>1327</ymax>
		</bndbox>
	</object>
	<object>
		<name>rel_attr</name>
		<pose>Unspecified</pose>
		<truncated>0</truncated>
		<difficult>0</difficult>
		<bndbox>
			<xmin>880</xmin>
			<ymin>1827</ymin>
			<xmax>1284</xmax>
			<ymax>2009</ymax>
		</bndbox>
	</object>
	<object>
		<name>rel_attr</name>
		<pose>Unspecified</pose>
		<truncated>0</truncated>
		<difficult>0</difficult>
		<bndbox>
			<xmin>2998</xmin>
			<ymin>1159</ymin>
			<xmax>3398</xmax>
			<ymax>1322</ymax>
		</bndbox>
	</object>
	<object>
		<name>rel_attr</name>
		<pose>Unspecified</pose>
		<truncated>0</truncated>
		<difficult>0</difficult>
		<bndbox>
			<xmin>3439</xmin>
			<ymin>1672</ymin>
			<xmax>3843</xmax>
			<ymax>1850</ymax>
		</bndbox>
	</object>
	<object>
		<name>one</name>
		<pose>Unspecified</pose>
		<truncated>0</truncated>
		<difficult>0</difficult>
		<bndbox>
			<xmin>711</xmin>
			<ymin>1077</ymin>
			<xmax>848</xmax>
			<ymax>1177</ymax>
		</bndbox>
	</object>
	<object>
		<name>many</name>
		<pose>Unspecified</pose>
		<truncated>0</truncated>
		<difficult>0</difficult>
		<bndbox>
			<xmin>1820</xmin>
			<ymin>1477</ymin>
			<xmax>1943</xmax>
			<ymax>1604</ymax>
		</bndbox>
	</object>
	<object>
		<name>many</name>
		<pose>Unspecified</pose>
		<truncated>0</truncated>
		<difficult>0</difficult>
		<bndbox>
			<xmin>707</xmin>
			<ymin>263</ymin>
			<xmax>848</xmax>
			<ymax>350</ymax>
		</bndbox>
	</object>
	<object>
		<name>many</name>
		<pose>Unspecified</pose>
		<truncated>0</truncated>
		<difficult>0</difficult>
		<bndbox>
			<xmin>716</xmin>
			<ymin>109</ymin>
			<xmax>857</xmax>
			<ymax>222</ymax>
		</bndbox>
	</object>
	<object>
		<name>one</name>
		<pose>Unspecified</pose>
		<truncated>0</truncated>
		<difficult>0</difficult>
		<bndbox>
			<xmin>1798</xmin>
			<ymin>145</ymin>
			<xmax>1925</xmax>
			<ymax>218</ymax>
		</bndbox>
	</object>
	<object>
		<name>one</name>
		<pose>Unspecified</pose>
		<truncated>0</truncated>
		<difficult>0</difficult>
		<bndbox>
			<xmin>1761</xmin>
			<ymin>481</ymin>
			<xmax>1925</xmax>
			<ymax>604</ymax>
		</bndbox>
	</object>
	<object>
		<name>one</name>
		<pose>Unspecified</pose>
		<truncated>0</truncated>
		<difficult>0</difficult>
		<bndbox>
			<xmin>2634</xmin>
			<ymin>495</ymin>
			<xmax>2757</xmax>
			<ymax>586</ymax>
		</bndbox>
	</object>
	<object>
		<name>one</name>
		<pose>Unspecified</pose>
		<truncated>0</truncated>
		<difficult>0</difficult>
		<bndbox>
			<xmin>2639</xmin>
			<ymin>136</ymin>
			<xmax>2739</xmax>
			<ymax>236</ymax>
		</bndbox>
	</object>
	<object>
		<name>many</name>
		<pose>Unspecified</pose>
		<truncated>0</truncated>
		<difficult>0</difficult>
		<bndbox>
			<xmin>3516</xmin>
			<ymin>122</ymin>
			<xmax>3652</xmax>
			<ymax>231</ymax>
		</bndbox>
	</object>
	<object>
		<name>many</name>
		<pose>Unspecified</pose>
		<truncated>0</truncated>
		<difficult>0</difficult>
		<bndbox>
			<xmin>3530</xmin>
			<ymin>250</ymin>
			<xmax>3639</xmax>
			<ymax>359</ymax>
		</bndbox>
	</object>
	<object>
		<name>one</name>
		<pose>Unspecified</pose>
		<truncated>0</truncated>
		<difficult>0</difficult>
		<bndbox>
			<xmin>3507</xmin>
			<ymin>745</ymin>
			<xmax>3634</xmax>
			<ymax>831</ymax>
		</bndbox>
	</object>
	<object>
		<name>many</name>
		<pose>Unspecified</pose>
		<truncated>0</truncated>
		<difficult>0</difficult>
		<bndbox>
			<xmin>2661</xmin>
			<ymin>1504</ymin>
			<xmax>2766</xmax>
			<ymax>1577</ymax>
		</bndbox>
	</object>
	<object>
		<name>one</name>
		<pose>Unspecified</pose>
		<truncated>0</truncated>
		<difficult>0</difficult>
		<bndbox>
			<xmin>4357</xmin>
			<ymin>136</ymin>
			<xmax>4493</xmax>
			<ymax>222</ymax>
		</bndbox>
	</object>
	<object>
		<name>one</name>
		<pose>Unspecified</pose>
		<truncated>0</truncated>
		<difficult>0</difficult>
		<bndbox>
			<xmin>5670</xmin>
			<ymin>190</ymin>
			<xmax>5789</xmax>
			<ymax>286</ymax>
		</bndbox>
	</object>
</annotation>
