<annotation>
	<folder>Collection_1</folder>
	<filename>052.png</filename>
	<path>/home/andrusha/Desktop/Projects/ERD-Clustering/ERDs/Collection_1/052.png</path>
	<source>
		<database>Unknown</database>
	</source>
	<size>
		<width>4524</width>
		<height>3844</height>
		<depth>1</depth>
	</size>
	<segmented>0</segmented>
	<object>
		<name>weak_entity</name>
		<pose>Unspecified</pose>
		<truncated>0</truncated>
		<difficult>0</difficult>
		<bndbox>
			<xmin>3441</xmin>
			<ymin>815</ymin>
			<xmax>4399</xmax>
			<ymax>2224</ymax>
		</bndbox>
	</object>
	<object>
		<name>weak_entity</name>
		<pose>Unspecified</pose>
		<truncated>0</truncated>
		<difficult>0</difficult>
		<bndbox>
			<xmin>1312</xmin>
			<ymin>1103</ymin>
			<xmax>2037</xmax>
			<ymax>2144</ymax>
		</bndbox>
	</object>
	<object>
		<name>entity</name>
		<pose>Unspecified</pose>
		<truncated>0</truncated>
		<difficult>0</difficult>
		<bndbox>
			<xmin>1558</xmin>
			<ymin>194</ymin>
			<xmax>2124</xmax>
			<ymax>603</ymax>
		</bndbox>
	</object>
	<object>
		<name>entity</name>
		<pose>Unspecified</pose>
		<truncated>0</truncated>
		<difficult>0</difficult>
		<bndbox>
			<xmin>120</xmin>
			<ymin>115</ymin>
			<xmax>595</xmax>
			<ymax>519</ymax>
		</bndbox>
	</object>
	<object>
		<name>entity</name>
		<pose>Unspecified</pose>
		<truncated>0</truncated>
		<difficult>0</difficult>
		<bndbox>
			<xmin>2683</xmin>
			<ymin>3311</ymin>
			<xmax>3199</xmax>
			<ymax>3719</ymax>
		</bndbox>
	</object>
	<object>
		<name>rel</name>
		<pose>Unspecified</pose>
		<truncated>0</truncated>
		<difficult>0</difficult>
		<bndbox>
			<xmin>837</xmin>
			<ymin>169</ymin>
			<xmax>1324</xmax>
			<ymax>428</ymax>
		</bndbox>
	</object>
	<object>
		<name>rel</name>
		<pose>Unspecified</pose>
		<truncated>0</truncated>
		<difficult>0</difficult>
		<bndbox>
			<xmin>2837</xmin>
			<ymin>2382</ymin>
			<xmax>3324</xmax>
			<ymax>2624</ymax>
		</bndbox>
	</object>
	<object>
		<name>rel</name>
		<pose>Unspecified</pose>
		<truncated>0</truncated>
		<difficult>0</difficult>
		<bndbox>
			<xmin>2162</xmin>
			<ymin>2824</ymin>
			<xmax>2637</xmax>
			<ymax>3061</ymax>
		</bndbox>
	</object>
	<object>
		<name>ident_rel</name>
		<pose>Unspecified</pose>
		<truncated>0</truncated>
		<difficult>0</difficult>
		<bndbox>
			<xmin>2362</xmin>
			<ymin>436</ymin>
			<xmax>2841</xmax>
			<ymax>674</ymax>
		</bndbox>
	</object>
	<object>
		<name>ident_rel</name>
		<pose>Unspecified</pose>
		<truncated>0</truncated>
		<difficult>0</difficult>
		<bndbox>
			<xmin>716</xmin>
			<ymin>694</ymin>
			<xmax>1208</xmax>
			<ymax>957</ymax>
		</bndbox>
	</object>
	<object>
		<name>rel_attr</name>
		<pose>Unspecified</pose>
		<truncated>0</truncated>
		<difficult>0</difficult>
		<bndbox>
			<xmin>2674</xmin>
			<ymin>2207</ymin>
			<xmax>2933</xmax>
			<ymax>2394</ymax>
		</bndbox>
	</object>
	<object>
		<name>rel_attr</name>
		<pose>Unspecified</pose>
		<truncated>0</truncated>
		<difficult>0</difficult>
		<bndbox>
			<xmin>2037</xmin>
			<ymin>3140</ymin>
			<xmax>2283</xmax>
			<ymax>3307</ymax>
		</bndbox>
	</object>
	<object>
		<name>many</name>
		<pose>Unspecified</pose>
		<truncated>0</truncated>
		<difficult>0</difficult>
		<bndbox>
			<xmin>3320</xmin>
			<ymin>1115</ymin>
			<xmax>3433</xmax>
			<ymax>1228</ymax>
		</bndbox>
	</object>
	<object>
		<name>many</name>
		<pose>Unspecified</pose>
		<truncated>0</truncated>
		<difficult>0</difficult>
		<bndbox>
			<xmin>3316</xmin>
			<ymin>1824</ymin>
			<xmax>3437</xmax>
			<ymax>1915</ymax>
		</bndbox>
	</object>
	<object>
		<name>many</name>
		<pose>Unspecified</pose>
		<truncated>0</truncated>
		<difficult>0</difficult>
		<bndbox>
			<xmin>3199</xmin>
			<ymin>3453</ymin>
			<xmax>3312</xmax>
			<ymax>3549</ymax>
		</bndbox>
	</object>
	<object>
		<name>many</name>
		<pose>Unspecified</pose>
		<truncated>0</truncated>
		<difficult>0</difficult>
		<bndbox>
			<xmin>2566</xmin>
			<ymin>3457</ymin>
			<xmax>2687</xmax>
			<ymax>3549</ymax>
		</bndbox>
	</object>
	<object>
		<name>many</name>
		<pose>Unspecified</pose>
		<truncated>0</truncated>
		<difficult>0</difficult>
		<bndbox>
			<xmin>2033</xmin>
			<ymin>1828</ymin>
			<xmax>2149</xmax>
			<ymax>1940</ymax>
		</bndbox>
	</object>
	<object>
		<name>many</name>
		<pose>Unspecified</pose>
		<truncated>0</truncated>
		<difficult>0</difficult>
		<bndbox>
			<xmin>1191</xmin>
			<ymin>1315</ymin>
			<xmax>1316</xmax>
			<ymax>1403</ymax>
		</bndbox>
	</object>
	<object>
		<name>many</name>
		<pose>Unspecified</pose>
		<truncated>0</truncated>
		<difficult>0</difficult>
		<bndbox>
			<xmin>599</xmin>
			<ymin>249</ymin>
			<xmax>699</xmax>
			<ymax>332</ymax>
		</bndbox>
	</object>
	<object>
		<name>many</name>
		<pose>Unspecified</pose>
		<truncated>0</truncated>
		<difficult>0</difficult>
		<bndbox>
			<xmin>1487</xmin>
			<ymin>257</ymin>
			<xmax>1570</xmax>
			<ymax>328</ymax>
		</bndbox>
	</object>
	<object>
		<name>one</name>
		<pose>Unspecified</pose>
		<truncated>0</truncated>
		<difficult>0</difficult>
		<bndbox>
			<xmin>1474</xmin>
			<ymin>340</ymin>
			<xmax>1566</xmax>
			<ymax>432</ymax>
		</bndbox>
	</object>
	<object>
		<name>one</name>
		<pose>Unspecified</pose>
		<truncated>0</truncated>
		<difficult>0</difficult>
		<bndbox>
			<xmin>2116</xmin>
			<ymin>332</ymin>
			<xmax>2216</xmax>
			<ymax>415</ymax>
		</bndbox>
	</object>
</annotation>
