<annotation>
	<folder>Collection_1</folder>
	<filename>057.png</filename>
	<path>/home/andrusha/Desktop/Projects/ERD-Clustering/ERDs/Collection_1/057.png</path>
	<source>
		<database>Unknown</database>
	</source>
	<size>
		<width>4644</width>
		<height>2088</height>
		<depth>1</depth>
	</size>
	<segmented>0</segmented>
	<object>
		<name>weak_entity</name>
		<pose>Unspecified</pose>
		<truncated>0</truncated>
		<difficult>0</difficult>
		<bndbox>
			<xmin>3456</xmin>
			<ymin>292</ymin>
			<xmax>4640</xmax>
			<ymax>1598</ymax>
		</bndbox>
	</object>
	<object>
		<name>weak_entity</name>
		<pose>Unspecified</pose>
		<truncated>0</truncated>
		<difficult>0</difficult>
		<bndbox>
			<xmin>3</xmin>
			<ymin>4</ymin>
			<xmax>1137</xmax>
			<ymax>2070</ymax>
		</bndbox>
	</object>
	<object>
		<name>entity</name>
		<pose>Unspecified</pose>
		<truncated>0</truncated>
		<difficult>0</difficult>
		<bndbox>
			<xmin>1825</xmin>
			<ymin>23</ymin>
			<xmax>2834</xmax>
			<ymax>513</ymax>
		</bndbox>
	</object>
	<object>
		<name>entity</name>
		<pose>Unspecified</pose>
		<truncated>1</truncated>
		<difficult>0</difficult>
		<bndbox>
			<xmin>1878</xmin>
			<ymin>1570</ymin>
			<xmax>2878</xmax>
			<ymax>2088</ymax>
		</bndbox>
	</object>
	<object>
		<name>rel_attr</name>
		<pose>Unspecified</pose>
		<truncated>0</truncated>
		<difficult>0</difficult>
		<bndbox>
			<xmin>1175</xmin>
			<ymin>1088</ymin>
			<xmax>1506</xmax>
			<ymax>1185</ymax>
		</bndbox>
	</object>
	<object>
		<name>rel_attr</name>
		<pose>Unspecified</pose>
		<truncated>0</truncated>
		<difficult>0</difficult>
		<bndbox>
			<xmin>1572</xmin>
			<ymin>1048</ymin>
			<xmax>1962</xmax>
			<ymax>1185</ymax>
		</bndbox>
	</object>
	<object>
		<name>ident_rel</name>
		<pose>Unspecified</pose>
		<truncated>0</truncated>
		<difficult>0</difficult>
		<bndbox>
			<xmin>1296</xmin>
			<ymin>54</ymin>
			<xmax>1715</xmax>
			<ymax>260</ymax>
		</bndbox>
	</object>
	<object>
		<name>rel_attr</name>
		<pose>Unspecified</pose>
		<truncated>0</truncated>
		<difficult>0</difficult>
		<bndbox>
			<xmin>1165</xmin>
			<ymin>1685</ymin>
			<xmax>1503</xmax>
			<ymax>1767</ymax>
		</bndbox>
	</object>
	<object>
		<name>rel_attr</name>
		<pose>Unspecified</pose>
		<truncated>0</truncated>
		<difficult>0</difficult>
		<bndbox>
			<xmin>1571</xmin>
			<ymin>1645</ymin>
			<xmax>1937</xmax>
			<ymax>1770</ymax>
		</bndbox>
	</object>
	<object>
		<name>rel_attr</name>
		<pose>Unspecified</pose>
		<truncated>0</truncated>
		<difficult>0</difficult>
		<bndbox>
			<xmin>2825</xmin>
			<ymin>1360</ymin>
			<xmax>3153</xmax>
			<ymax>1460</ymax>
		</bndbox>
	</object>
	<object>
		<name>rel_attr</name>
		<pose>Unspecified</pose>
		<truncated>0</truncated>
		<difficult>0</difficult>
		<bndbox>
			<xmin>3231</xmin>
			<ymin>1335</ymin>
			<xmax>3587</xmax>
			<ymax>1467</ymax>
		</bndbox>
	</object>
	<object>
		<name>rel</name>
		<pose>Unspecified</pose>
		<truncated>0</truncated>
		<difficult>0</difficult>
		<bndbox>
			<xmin>1315</xmin>
			<ymin>1270</ymin>
			<xmax>1725</xmax>
			<ymax>1454</ymax>
		</bndbox>
	</object>
	<object>
		<name>rel</name>
		<pose>Unspecified</pose>
		<truncated>0</truncated>
		<difficult>0</difficult>
		<bndbox>
			<xmin>2956</xmin>
			<ymin>1551</ymin>
			<xmax>3368</xmax>
			<ymax>1729</ymax>
		</bndbox>
	</object>
	<object>
		<name>rel</name>
		<pose>Unspecified</pose>
		<truncated>0</truncated>
		<difficult>0</difficult>
		<bndbox>
			<xmin>1300</xmin>
			<ymin>1860</ymin>
			<xmax>1715</xmax>
			<ymax>2038</ymax>
		</bndbox>
	</object>
	<object>
		<name>ident_rel</name>
		<pose>Unspecified</pose>
		<truncated>0</truncated>
		<difficult>0</difficult>
		<bndbox>
			<xmin>1281</xmin>
			<ymin>254</ymin>
			<xmax>1687</xmax>
			<ymax>470</ymax>
		</bndbox>
	</object>
	<object>
		<name>ident_rel</name>
		<pose>Unspecified</pose>
		<truncated>0</truncated>
		<difficult>0</difficult>
		<bndbox>
			<xmin>1309</xmin>
			<ymin>538</ymin>
			<xmax>1712</xmax>
			<ymax>735</ymax>
		</bndbox>
	</object>
	<object>
		<name>ident_rel</name>
		<pose>Unspecified</pose>
		<truncated>0</truncated>
		<difficult>0</difficult>
		<bndbox>
			<xmin>2990</xmin>
			<ymin>204</ymin>
			<xmax>3390</xmax>
			<ymax>417</ymax>
		</bndbox>
	</object>
	<object>
		<name>ident_rel</name>
		<pose>Unspecified</pose>
		<truncated>0</truncated>
		<difficult>0</difficult>
		<bndbox>
			<xmin>2934</xmin>
			<ymin>432</ymin>
			<xmax>3331</xmax>
			<ymax>629</ymax>
		</bndbox>
	</object>
	<object>
		<name>one</name>
		<pose>Unspecified</pose>
		<truncated>0</truncated>
		<difficult>0</difficult>
		<bndbox>
			<xmin>1740</xmin>
			<ymin>101</ymin>
			<xmax>1821</xmax>
			<ymax>192</ymax>
		</bndbox>
	</object>
	<object>
		<name>one</name>
		<pose>Unspecified</pose>
		<truncated>0</truncated>
		<difficult>0</difficult>
		<bndbox>
			<xmin>1740</xmin>
			<ymin>204</ymin>
			<xmax>1831</xmax>
			<ymax>285</ymax>
		</bndbox>
	</object>
	<object>
		<name>one</name>
		<pose>Unspecified</pose>
		<truncated>0</truncated>
		<difficult>0</difficult>
		<bndbox>
			<xmin>1725</xmin>
			<ymin>351</ymin>
			<xmax>1834</xmax>
			<ymax>454</ymax>
		</bndbox>
	</object>
	<object>
		<name>many</name>
		<pose>Unspecified</pose>
		<truncated>0</truncated>
		<difficult>0</difficult>
		<bndbox>
			<xmin>1146</xmin>
			<ymin>273</ymin>
			<xmax>1250</xmax>
			<ymax>363</ymax>
		</bndbox>
	</object>
	<object>
		<name>many</name>
		<pose>Unspecified</pose>
		<truncated>0</truncated>
		<difficult>0</difficult>
		<bndbox>
			<xmin>1143</xmin>
			<ymin>429</ymin>
			<xmax>1243</xmax>
			<ymax>507</ymax>
		</bndbox>
	</object>
	<object>
		<name>many</name>
		<pose>Unspecified</pose>
		<truncated>0</truncated>
		<difficult>0</difficult>
		<bndbox>
			<xmin>1128</xmin>
			<ymin>738</ymin>
			<xmax>1243</xmax>
			<ymax>842</ymax>
		</bndbox>
	</object>
	<object>
		<name>one</name>
		<pose>Unspecified</pose>
		<truncated>0</truncated>
		<difficult>0</difficult>
		<bndbox>
			<xmin>2825</xmin>
			<ymin>154</ymin>
			<xmax>2934</xmax>
			<ymax>232</ymax>
		</bndbox>
	</object>
	<object>
		<name>one</name>
		<pose>Unspecified</pose>
		<truncated>0</truncated>
		<difficult>0</difficult>
		<bndbox>
			<xmin>2825</xmin>
			<ymin>245</ymin>
			<xmax>2921</xmax>
			<ymax>335</ymax>
		</bndbox>
	</object>
	<object>
		<name>many</name>
		<pose>Unspecified</pose>
		<truncated>0</truncated>
		<difficult>0</difficult>
		<bndbox>
			<xmin>3362</xmin>
			<ymin>688</ymin>
			<xmax>3478</xmax>
			<ymax>785</ymax>
		</bndbox>
	</object>
	<object>
		<name>many</name>
		<pose>Unspecified</pose>
		<truncated>0</truncated>
		<difficult>0</difficult>
		<bndbox>
			<xmin>3368</xmin>
			<ymin>382</ymin>
			<xmax>3471</xmax>
			<ymax>467</ymax>
		</bndbox>
	</object>
	<object>
		<name>one</name>
		<pose>Unspecified</pose>
		<truncated>0</truncated>
		<difficult>0</difficult>
		<bndbox>
			<xmin>3371</xmin>
			<ymin>1142</ymin>
			<xmax>3453</xmax>
			<ymax>1204</ymax>
		</bndbox>
	</object>
	<object>
		<name>many</name>
		<pose>Unspecified</pose>
		<truncated>0</truncated>
		<difficult>0</difficult>
		<bndbox>
			<xmin>2878</xmin>
			<ymin>1948</ymin>
			<xmax>2971</xmax>
			<ymax>2017</ymax>
		</bndbox>
	</object>
	<object>
		<name>one</name>
		<pose>Unspecified</pose>
		<truncated>0</truncated>
		<difficult>0</difficult>
		<bndbox>
			<xmin>1134</xmin>
			<ymin>1201</ymin>
			<xmax>1225</xmax>
			<ymax>1288</ymax>
		</bndbox>
	</object>
	<object>
		<name>many</name>
		<pose>Unspecified</pose>
		<truncated>0</truncated>
		<difficult>0</difficult>
		<bndbox>
			<xmin>1781</xmin>
			<ymin>1548</ymin>
			<xmax>1887</xmax>
			<ymax>1626</ymax>
		</bndbox>
	</object>
	<object>
		<name>one</name>
		<pose>Unspecified</pose>
		<truncated>0</truncated>
		<difficult>0</difficult>
		<bndbox>
			<xmin>1137</xmin>
			<ymin>1848</ymin>
			<xmax>1215</xmax>
			<ymax>1938</ymax>
		</bndbox>
	</object>
	<object>
		<name>many</name>
		<pose>Unspecified</pose>
		<truncated>0</truncated>
		<difficult>0</difficult>
		<bndbox>
			<xmin>1781</xmin>
			<ymin>2001</ymin>
			<xmax>1878</xmax>
			<ymax>2063</ymax>
		</bndbox>
	</object>
</annotation>
