<annotation>
	<folder>Collection_1</folder>
	<filename>063.png</filename>
	<path>/home/andrusha/Desktop/Projects/ERD-Clustering/ERDs/Collection_1/063.png</path>
	<source>
		<database>Unknown</database>
	</source>
	<size>
		<width>6280</width>
		<height>3800</height>
		<depth>1</depth>
	</size>
	<segmented>0</segmented>
	<object>
		<name>entity</name>
		<pose>Unspecified</pose>
		<truncated>0</truncated>
		<difficult>0</difficult>
		<bndbox>
			<xmin>3598</xmin>
			<ymin>1118</ymin>
			<xmax>4602</xmax>
			<ymax>1527</ymax>
		</bndbox>
	</object>
	<object>
		<name>entity</name>
		<pose>Unspecified</pose>
		<truncated>0</truncated>
		<difficult>0</difficult>
		<bndbox>
			<xmin>4044</xmin>
			<ymin>2118</ymin>
			<xmax>5040</xmax>
			<ymax>2597</ymax>
		</bndbox>
	</object>
	<object>
		<name>entity</name>
		<pose>Unspecified</pose>
		<truncated>0</truncated>
		<difficult>0</difficult>
		<bndbox>
			<xmin>1965</xmin>
			<ymin>1643</ymin>
			<xmax>2957</xmax>
			<ymax>2118</ymax>
		</bndbox>
	</object>
	<object>
		<name>entity</name>
		<pose>Unspecified</pose>
		<truncated>0</truncated>
		<difficult>0</difficult>
		<bndbox>
			<xmin>1840</xmin>
			<ymin>3110</ymin>
			<xmax>2836</xmax>
			<ymax>3514</ymax>
		</bndbox>
	</object>
	<object>
		<name>weak_entity</name>
		<pose>Unspecified</pose>
		<truncated>0</truncated>
		<difficult>0</difficult>
		<bndbox>
			<xmin>3836</xmin>
			<ymin>3118</ymin>
			<xmax>4919</xmax>
			<ymax>3631</ymax>
		</bndbox>
	</object>
	<object>
		<name>rel</name>
		<pose>Unspecified</pose>
		<truncated>0</truncated>
		<difficult>0</difficult>
		<bndbox>
			<xmin>2998</xmin>
			<ymin>1281</ymin>
			<xmax>3377</xmax>
			<ymax>1522</ymax>
		</bndbox>
	</object>
	<object>
		<name>rel</name>
		<pose>Unspecified</pose>
		<truncated>0</truncated>
		<difficult>0</difficult>
		<bndbox>
			<xmin>4044</xmin>
			<ymin>1706</ymin>
			<xmax>4402</xmax>
			<ymax>1939</ymax>
		</bndbox>
	</object>
	<object>
		<name>rel</name>
		<pose>Unspecified</pose>
		<truncated>0</truncated>
		<difficult>0</difficult>
		<bndbox>
			<xmin>4844</xmin>
			<ymin>2797</ymin>
			<xmax>5327</xmax>
			<ymax>3043</ymax>
		</bndbox>
	</object>
	<object>
		<name>rel</name>
		<pose>Unspecified</pose>
		<truncated>0</truncated>
		<difficult>0</difficult>
		<bndbox>
			<xmin>5761</xmin>
			<ymin>2797</ymin>
			<xmax>6252</xmax>
			<ymax>3047</ymax>
		</bndbox>
	</object>
	<object>
		<name>rel</name>
		<pose>Unspecified</pose>
		<truncated>0</truncated>
		<difficult>0</difficult>
		<bndbox>
			<xmin>3232</xmin>
			<ymin>2722</ymin>
			<xmax>3611</xmax>
			<ymax>2964</ymax>
		</bndbox>
	</object>
	<object>
		<name>rel</name>
		<pose>Unspecified</pose>
		<truncated>0</truncated>
		<difficult>0</difficult>
		<bndbox>
			<xmin>2169</xmin>
			<ymin>2639</ymin>
			<xmax>2527</xmax>
			<ymax>2877</ymax>
		</bndbox>
	</object>
	<object>
		<name>rel</name>
		<pose>Unspecified</pose>
		<truncated>0</truncated>
		<difficult>0</difficult>
		<bndbox>
			<xmin>848</xmin>
			<ymin>2714</ymin>
			<xmax>1336</xmax>
			<ymax>2977</ymax>
		</bndbox>
	</object>
	<object>
		<name>rel_attr</name>
		<pose>Unspecified</pose>
		<truncated>0</truncated>
		<difficult>0</difficult>
		<bndbox>
			<xmin>2636</xmin>
			<ymin>1006</ymin>
			<xmax>3040</xmax>
			<ymax>1160</ymax>
		</bndbox>
	</object>
	<object>
		<name>rel_attr</name>
		<pose>Unspecified</pose>
		<truncated>0</truncated>
		<difficult>0</difficult>
		<bndbox>
			<xmin>3548</xmin>
			<ymin>1843</ymin>
			<xmax>3948</xmax>
			<ymax>2014</ymax>
		</bndbox>
	</object>
	<object>
		<name>ident_rel</name>
		<pose>Unspecified</pose>
		<truncated>0</truncated>
		<difficult>0</difficult>
		<bndbox>
			<xmin>3127</xmin>
			<ymin>3210</ymin>
			<xmax>3544</xmax>
			<ymax>3514</ymax>
		</bndbox>
	</object>
	<object>
		<name>rel_attr</name>
		<pose>Unspecified</pose>
		<truncated>0</truncated>
		<difficult>0</difficult>
		<bndbox>
			<xmin>2911</xmin>
			<ymin>2522</ymin>
			<xmax>3327</xmax>
			<ymax>2681</ymax>
		</bndbox>
	</object>
	<object>
		<name>rel_attr</name>
		<pose>Unspecified</pose>
		<truncated>0</truncated>
		<difficult>0</difficult>
		<bndbox>
			<xmin>1607</xmin>
			<ymin>2564</ymin>
			<xmax>1994</xmax>
			<ymax>2722</ymax>
		</bndbox>
	</object>
	<object>
		<name>many</name>
		<pose>Unspecified</pose>
		<truncated>0</truncated>
		<difficult>0</difficult>
		<bndbox>
			<xmin>2423</xmin>
			<ymin>1564</ymin>
			<xmax>2511</xmax>
			<ymax>1643</ymax>
		</bndbox>
	</object>
	<object>
		<name>many</name>
		<pose>Unspecified</pose>
		<truncated>0</truncated>
		<difficult>0</difficult>
		<bndbox>
			<xmin>3511</xmin>
			<ymin>1156</ymin>
			<xmax>3602</xmax>
			<ymax>1239</ymax>
		</bndbox>
	</object>
	<object>
		<name>many</name>
		<pose>Unspecified</pose>
		<truncated>0</truncated>
		<difficult>0</difficult>
		<bndbox>
			<xmin>3873</xmin>
			<ymin>1522</ymin>
			<xmax>3948</xmax>
			<ymax>1602</ymax>
		</bndbox>
	</object>
	<object>
		<name>many</name>
		<pose>Unspecified</pose>
		<truncated>0</truncated>
		<difficult>0</difficult>
		<bndbox>
			<xmin>4252</xmin>
			<ymin>2039</ymin>
			<xmax>4327</xmax>
			<ymax>2122</ymax>
		</bndbox>
	</object>
	<object>
		<name>many</name>
		<pose>Unspecified</pose>
		<truncated>0</truncated>
		<difficult>0</difficult>
		<bndbox>
			<xmin>3961</xmin>
			<ymin>2447</ymin>
			<xmax>4048</xmax>
			<ymax>2527</ymax>
		</bndbox>
	</object>
	<object>
		<name>many</name>
		<pose>Unspecified</pose>
		<truncated>0</truncated>
		<difficult>0</difficult>
		<bndbox>
			<xmin>5027</xmin>
			<ymin>2439</ymin>
			<xmax>5136</xmax>
			<ymax>2531</ymax>
		</bndbox>
	</object>
	<object>
		<name>many</name>
		<pose>Unspecified</pose>
		<truncated>0</truncated>
		<difficult>0</difficult>
		<bndbox>
			<xmin>4890</xmin>
			<ymin>2593</ymin>
			<xmax>4982</xmax>
			<ymax>2693</ymax>
		</bndbox>
	</object>
	<object>
		<name>many</name>
		<pose>Unspecified</pose>
		<truncated>0</truncated>
		<difficult>0</difficult>
		<bndbox>
			<xmin>2840</xmin>
			<ymin>3185</ymin>
			<xmax>2919</xmax>
			<ymax>3268</ymax>
		</bndbox>
	</object>
	<object>
		<name>many</name>
		<pose>Unspecified</pose>
		<truncated>0</truncated>
		<difficult>0</difficult>
		<bndbox>
			<xmin>3757</xmin>
			<ymin>3202</ymin>
			<xmax>3844</xmax>
			<ymax>3293</ymax>
		</bndbox>
	</object>
	<object>
		<name>many</name>
		<pose>Unspecified</pose>
		<truncated>0</truncated>
		<difficult>0</difficult>
		<bndbox>
			<xmin>4186</xmin>
			<ymin>3635</ymin>
			<xmax>4282</xmax>
			<ymax>3731</ymax>
		</bndbox>
	</object>
	<object>
		<name>many</name>
		<pose>Unspecified</pose>
		<truncated>0</truncated>
		<difficult>0</difficult>
		<bndbox>
			<xmin>2302</xmin>
			<ymin>3052</ymin>
			<xmax>2394</xmax>
			<ymax>3127</ymax>
		</bndbox>
	</object>
	<object>
		<name>many</name>
		<pose>Unspecified</pose>
		<truncated>0</truncated>
		<difficult>0</difficult>
		<bndbox>
			<xmin>2390</xmin>
			<ymin>2106</ymin>
			<xmax>2511</xmax>
			<ymax>2206</ymax>
		</bndbox>
	</object>
	<object>
		<name>many</name>
		<pose>Unspecified</pose>
		<truncated>0</truncated>
		<difficult>0</difficult>
		<bndbox>
			<xmin>1869</xmin>
			<ymin>1947</ymin>
			<xmax>1961</xmax>
			<ymax>2047</ymax>
		</bndbox>
	</object>
	<object>
		<name>one</name>
		<pose>Unspecified</pose>
		<truncated>0</truncated>
		<difficult>0</difficult>
		<bndbox>
			<xmin>2840</xmin>
			<ymin>3410</ymin>
			<xmax>2915</xmax>
			<ymax>3485</ymax>
		</bndbox>
	</object>
	<object>
		<name>one</name>
		<pose>Unspecified</pose>
		<truncated>0</truncated>
		<difficult>0</difficult>
		<bndbox>
			<xmin>4919</xmin>
			<ymin>3197</ymin>
			<xmax>5002</xmax>
			<ymax>3268</ymax>
		</bndbox>
	</object>
	<object>
		<name>one</name>
		<pose>Unspecified</pose>
		<truncated>0</truncated>
		<difficult>0</difficult>
		<bndbox>
			<xmin>4915</xmin>
			<ymin>3339</ymin>
			<xmax>4994</xmax>
			<ymax>3422</ymax>
		</bndbox>
	</object>
</annotation>
