<annotation>
	<folder>Collection_1</folder>
	<filename>117.png</filename>
	<path>C:\Users\Eddy\Documents\CS 473 Web Search\Final Project\ERD-Clustering\ERDs\Collection_1\117.png</path>
	<source>
		<database>Unknown</database>
	</source>
	<size>
		<width>4604</width>
		<height>4044</height>
		<depth>1</depth>
	</size>
	<segmented>0</segmented>
	<object>
		<name>one</name>
		<pose>Unspecified</pose>
		<truncated>0</truncated>
		<difficult>0</difficult>
		<bndbox>
			<xmin>2258</xmin>
			<ymin>2402</ymin>
			<xmax>2308</xmax>
			<ymax>2496</ymax>
		</bndbox>
	</object>
	<object>
		<name>one</name>
		<pose>Unspecified</pose>
		<truncated>0</truncated>
		<difficult>0</difficult>
		<bndbox>
			<xmin>3768</xmin>
			<ymin>1721</ymin>
			<xmax>3881</xmax>
			<ymax>1762</ymax>
		</bndbox>
	</object>
	<object>
		<name>one</name>
		<pose>Unspecified</pose>
		<truncated>0</truncated>
		<difficult>0</difficult>
		<bndbox>
			<xmin>4221</xmin>
			<ymin>1475</ymin>
			<xmax>4264</xmax>
			<ymax>1570</ymax>
		</bndbox>
	</object>
	<object>
		<name>one</name>
		<pose>Unspecified</pose>
		<truncated>0</truncated>
		<difficult>0</difficult>
		<bndbox>
			<xmin>4221</xmin>
			<ymin>2125</ymin>
			<xmax>4258</xmax>
			<ymax>2217</ymax>
		</bndbox>
	</object>
	<object>
		<name>many</name>
		<pose>Unspecified</pose>
		<truncated>0</truncated>
		<difficult>0</difficult>
		<bndbox>
			<xmin>339</xmin>
			<ymin>1525</ymin>
			<xmax>390</xmax>
			<ymax>1627</ymax>
		</bndbox>
	</object>
	<object>
		<name>many</name>
		<pose>Unspecified</pose>
		<truncated>0</truncated>
		<difficult>0</difficult>
		<bndbox>
			<xmin>339</xmin>
			<ymin>2020</ymin>
			<xmax>385</xmax>
			<ymax>2134</ymax>
		</bndbox>
	</object>
	<object>
		<name>many</name>
		<pose>Unspecified</pose>
		<truncated>0</truncated>
		<difficult>0</difficult>
		<bndbox>
			<xmin>1762</xmin>
			<ymin>3674</ymin>
			<xmax>1928</xmax>
			<ymax>3732</ymax>
		</bndbox>
	</object>
	<object>
		<name>many</name>
		<pose>Unspecified</pose>
		<truncated>0</truncated>
		<difficult>0</difficult>
		<bndbox>
			<xmin>2255</xmin>
			<ymin>3162</ymin>
			<xmax>2308</xmax>
			<ymax>3283</ymax>
		</bndbox>
	</object>
	<object>
		<name>many</name>
		<pose>Unspecified</pose>
		<truncated>0</truncated>
		<difficult>0</difficult>
		<bndbox>
			<xmin>2643</xmin>
			<ymin>3677</ymin>
			<xmax>2791</xmax>
			<ymax>3723</ymax>
		</bndbox>
	</object>
	<object>
		<name>many</name>
		<pose>Unspecified</pose>
		<truncated>0</truncated>
		<difficult>0</difficult>
		<bndbox>
			<xmin>1802</xmin>
			<ymin>358</ymin>
			<xmax>1923</xmax>
			<ymax>413</ymax>
		</bndbox>
	</object>
	<object>
		<name>many</name>
		<pose>Unspecified</pose>
		<truncated>0</truncated>
		<difficult>0</difficult>
		<bndbox>
			<xmin>2257</xmin>
			<ymin>762</ymin>
			<xmax>2306</xmax>
			<ymax>881</ymax>
		</bndbox>
	</object>
	<object>
		<name>many</name>
		<pose>Unspecified</pose>
		<truncated>0</truncated>
		<difficult>0</difficult>
		<bndbox>
			<xmin>2264</xmin>
			<ymin>1457</ymin>
			<xmax>2300</xmax>
			<ymax>1549</ymax>
		</bndbox>
	</object>
	<object>
		<name>many</name>
		<pose>Unspecified</pose>
		<truncated>0</truncated>
		<difficult>0</difficult>
		<bndbox>
			<xmin>2640</xmin>
			<ymin>283</ymin>
			<xmax>2758</xmax>
			<ymax>330</ymax>
		</bndbox>
	</object>
	<object>
		<name>many</name>
		<pose>Unspecified</pose>
		<truncated>0</truncated>
		<difficult>0</difficult>
		<bndbox>
			<xmin>2641</xmin>
			<ymin>1918</ymin>
			<xmax>2755</xmax>
			<ymax>1973</ymax>
		</bndbox>
	</object>
	<object>
		<name>entity</name>
		<pose>Unspecified</pose>
		<truncated>0</truncated>
		<difficult>0</difficult>
		<bndbox>
			<xmin>8</xmin>
			<ymin>1630</ymin>
			<xmax>734</xmax>
			<ymax>2030</ymax>
		</bndbox>
	</object>
	<object>
		<name>entity</name>
		<pose>Unspecified</pose>
		<truncated>1</truncated>
		<difficult>0</difficult>
		<bndbox>
			<xmin>1916</xmin>
			<ymin>3273</ymin>
			<xmax>2634</xmax>
			<ymax>4044</ymax>
		</bndbox>
	</object>
	<object>
		<name>entity</name>
		<pose>Unspecified</pose>
		<truncated>0</truncated>
		<difficult>0</difficult>
		<bndbox>
			<xmin>1925</xmin>
			<ymin>1547</ymin>
			<xmax>2651</xmax>
			<ymax>2404</ymax>
		</bndbox>
	</object>
	<object>
		<name>entity</name>
		<pose>Unspecified</pose>
		<truncated>0</truncated>
		<difficult>0</difficult>
		<bndbox>
			<xmin>1921</xmin>
			<ymin>4</ymin>
			<xmax>2642</xmax>
			<ymax>760</ymax>
		</bndbox>
	</object>
	<object>
		<name>entity</name>
		<pose>Unspecified</pose>
		<truncated>1</truncated>
		<difficult>0</difficult>
		<bndbox>
			<xmin>3873</xmin>
			<ymin>1565</ymin>
			<xmax>4604</xmax>
			<ymax>2130</ymax>
		</bndbox>
	</object>
	<object>
		<name>rel</name>
		<pose>Unspecified</pose>
		<truncated>0</truncated>
		<difficult>0</difficult>
		<bndbox>
			<xmin>242</xmin>
			<ymin>678</ymin>
			<xmax>729</xmax>
			<ymax>917</ymax>
		</bndbox>
	</object>
	<object>
		<name>rel</name>
		<pose>Unspecified</pose>
		<truncated>0</truncated>
		<difficult>0</difficult>
		<bndbox>
			<xmin>234</xmin>
			<ymin>2865</ymin>
			<xmax>721</xmax>
			<ymax>3108</ymax>
		</bndbox>
	</object>
	<object>
		<name>rel</name>
		<pose>Unspecified</pose>
		<truncated>0</truncated>
		<difficult>0</difficult>
		<bndbox>
			<xmin>2034</xmin>
			<ymin>991</ymin>
			<xmax>2525</xmax>
			<ymax>1243</ymax>
		</bndbox>
	</object>
	<object>
		<name>rel</name>
		<pose>Unspecified</pose>
		<truncated>0</truncated>
		<difficult>0</difficult>
		<bndbox>
			<xmin>4086</xmin>
			<ymin>682</ymin>
			<xmax>4560</xmax>
			<ymax>917</ymax>
		</bndbox>
	</object>
	<object>
		<name>rel</name>
		<pose>Unspecified</pose>
		<truncated>0</truncated>
		<difficult>0</difficult>
		<bndbox>
			<xmin>2047</xmin>
			<ymin>2682</ymin>
			<xmax>2529</xmax>
			<ymax>2917</ymax>
		</bndbox>
	</object>
	<object>
		<name>rel</name>
		<pose>Unspecified</pose>
		<truncated>0</truncated>
		<difficult>0</difficult>
		<bndbox>
			<xmin>3038</xmin>
			<ymin>1721</ymin>
			<xmax>3525</xmax>
			<ymax>1969</ymax>
		</bndbox>
	</object>
	<object>
		<name>rel</name>
		<pose>Unspecified</pose>
		<truncated>0</truncated>
		<difficult>0</difficult>
		<bndbox>
			<xmin>4008</xmin>
			<ymin>2999</ymin>
			<xmax>4477</xmax>
			<ymax>3234</ymax>
		</bndbox>
	</object>
</annotation>
