<annotation>
	<folder>Collection_1</folder>
	<filename>130.jpg</filename>
	<path>C:\Users\Eddy\Documents\CS 473 Web Search\Final Project\ERD-Clustering\ERDs\Collection_1\130.jpg</path>
	<source>
		<database>Unknown</database>
	</source>
	<size>
		<width>1025</width>
		<height>643</height>
		<depth>3</depth>
	</size>
	<segmented>0</segmented>
	<object>
		<name>one</name>
		<pose>Unspecified</pose>
		<truncated>0</truncated>
		<difficult>0</difficult>
		<bndbox>
			<xmin>386</xmin>
			<ymin>440</ymin>
			<xmax>396</xmax>
			<ymax>462</ymax>
		</bndbox>
	</object>
	<object>
		<name>one</name>
		<pose>Unspecified</pose>
		<truncated>0</truncated>
		<difficult>0</difficult>
		<bndbox>
			<xmin>493</xmin>
			<ymin>441</ymin>
			<xmax>506</xmax>
			<ymax>460</ymax>
		</bndbox>
	</object>
	<object>
		<name>many</name>
		<pose>Unspecified</pose>
		<truncated>0</truncated>
		<difficult>0</difficult>
		<bndbox>
			<xmin>97</xmin>
			<ymin>381</ymin>
			<xmax>110</xmax>
			<ymax>410</ymax>
		</bndbox>
	</object>
	<object>
		<name>many</name>
		<pose>Unspecified</pose>
		<truncated>0</truncated>
		<difficult>0</difficult>
		<bndbox>
			<xmin>323</xmin>
			<ymin>494</ymin>
			<xmax>350</xmax>
			<ymax>507</ymax>
		</bndbox>
	</object>
	<object>
		<name>many</name>
		<pose>Unspecified</pose>
		<truncated>0</truncated>
		<difficult>0</difficult>
		<bndbox>
			<xmin>349</xmin>
			<ymin>160</ymin>
			<xmax>380</xmax>
			<ymax>172</ymax>
		</bndbox>
	</object>
	<object>
		<name>many</name>
		<pose>Unspecified</pose>
		<truncated>0</truncated>
		<difficult>0</difficult>
		<bndbox>
			<xmin>579</xmin>
			<ymin>154</ymin>
			<xmax>608</xmax>
			<ymax>167</ymax>
		</bndbox>
	</object>
	<object>
		<name>many</name>
		<pose>Unspecified</pose>
		<truncated>0</truncated>
		<difficult>0</difficult>
		<bndbox>
			<xmin>777</xmin>
			<ymin>155</ymin>
			<xmax>808</xmax>
			<ymax>167</ymax>
		</bndbox>
	</object>
	<object>
		<name>entity</name>
		<pose>Unspecified</pose>
		<truncated>0</truncated>
		<difficult>0</difficult>
		<bndbox>
			<xmin>18</xmin>
			<ymin>290</ymin>
			<xmax>200</xmax>
			<ymax>383</ymax>
		</bndbox>
	</object>
	<object>
		<name>weak_entity</name>
		<pose>Unspecified</pose>
		<truncated>0</truncated>
		<difficult>0</difficult>
		<bndbox>
			<xmin>378</xmin>
			<ymin>109</ymin>
			<xmax>578</xmax>
			<ymax>259</ymax>
		</bndbox>
	</object>
	<object>
		<name>weak_entity</name>
		<pose>Unspecified</pose>
		<truncated>0</truncated>
		<difficult>0</difficult>
		<bndbox>
			<xmin>347</xmin>
			<ymin>461</ymin>
			<xmax>550</xmax>
			<ymax>622</ymax>
		</bndbox>
	</object>
	<object>
		<name>weak_entity</name>
		<pose>Unspecified</pose>
		<truncated>0</truncated>
		<difficult>0</difficult>
		<bndbox>
			<xmin>807</xmin>
			<ymin>99</ymin>
			<xmax>1012</xmax>
			<ymax>223</ymax>
		</bndbox>
	</object>
	<object>
		<name>rel</name>
		<pose>Unspecified</pose>
		<truncated>0</truncated>
		<difficult>0</difficult>
		<bndbox>
			<xmin>356</xmin>
			<ymin>351</ymin>
			<xmax>479</xmax>
			<ymax>410</ymax>
		</bndbox>
	</object>
	<object>
		<name>rel</name>
		<pose>Unspecified</pose>
		<truncated>0</truncated>
		<difficult>0</difficult>
		<bndbox>
			<xmin>497</xmin>
			<ymin>350</ymin>
			<xmax>619</xmax>
			<ymax>411</ymax>
		</bndbox>
	</object>
	<object>
		<name>ident_rel</name>
		<pose>Unspecified</pose>
		<truncated>0</truncated>
		<difficult>0</difficult>
		<bndbox>
			<xmin>168</xmin>
			<ymin>135</ymin>
			<xmax>290</xmax>
			<ymax>196</ymax>
		</bndbox>
	</object>
	<object>
		<name>ident_rel</name>
		<pose>Unspecified</pose>
		<truncated>0</truncated>
		<difficult>0</difficult>
		<bndbox>
			<xmin>158</xmin>
			<ymin>420</ymin>
			<xmax>280</xmax>
			<ymax>480</ymax>
		</bndbox>
	</object>
	<object>
		<name>ident_rel</name>
		<pose>Unspecified</pose>
		<truncated>0</truncated>
		<difficult>0</difficult>
		<bndbox>
			<xmin>630</xmin>
			<ymin>129</ymin>
			<xmax>749</xmax>
			<ymax>191</ymax>
		</bndbox>
	</object>
	<object>
		<name>rel_attr</name>
		<pose>Unspecified</pose>
		<truncated>0</truncated>
		<difficult>0</difficult>
		<bndbox>
			<xmin>558</xmin>
			<ymin>29</ymin>
			<xmax>680</xmax>
			<ymax>91</ymax>
		</bndbox>
	</object>
	<object>
		<name>rel_attr</name>
		<pose>Unspecified</pose>
		<truncated>0</truncated>
		<difficult>0</difficult>
		<bndbox>
			<xmin>699</xmin>
			<ymin>31</ymin>
			<xmax>820</xmax>
			<ymax>90</ymax>
		</bndbox>
	</object>
	<object>
		<name>one</name>
		<pose>Unspecified</pose>
		<truncated>0</truncated>
		<difficult>0</difficult>
		<bndbox>
			<xmin>103</xmin>
			<ymin>267</ymin>
			<xmax>114</xmax>
			<ymax>292</ymax>
		</bndbox>
	</object>
	<object>
		<name>many</name>
		<pose>Unspecified</pose>
		<truncated>0</truncated>
		<difficult>0</difficult>
		<bndbox>
			<xmin>422</xmin>
			<ymin>260</ymin>
			<xmax>435</xmax>
			<ymax>292</ymax>
		</bndbox>
	</object>
	<object>
		<name>many</name>
		<pose>Unspecified</pose>
		<truncated>0</truncated>
		<difficult>0</difficult>
		<bndbox>
			<xmin>514</xmin>
			<ymin>260</ymin>
			<xmax>529</xmax>
			<ymax>289</ymax>
		</bndbox>
	</object>
</annotation>
